Unknown_001.wav,BassTrombone
Unknown_002.wav,EbClarinet
Unknown_003.wav,Cello
Unknown_004.wav,Cello
Unknown_005.wav,Violin
Unknown_006.wav,Violin
Unknown_007.wav,Cello
Unknown_008.wav,TenorTrombone
Unknown_009.wav,BassClarinet
Unknown_010.wav,BbClarinet
Unknown_011.wav,Marimba
Unknown_012.wav,EbClarinet
Unknown_013.wav,Xylophone
Unknown_014.wav,Viola
Unknown_015.wav,BassClarinet
Unknown_016.wav,Marimba
Unknown_017.wav,TenorTrombone
Unknown_018.wav,EbClarinet
Unknown_019.wav,EbClarinet
Unknown_020.wav,Violin
Unknown_021.wav,EbClarinet
Unknown_022.wav,Viola
Unknown_023.wav,EbClarinet
Unknown_024.wav,BbClarinet
Unknown_025.wav,EbClarinet
Unknown_026.wav,Marimba
Unknown_027.wav,BassClarinet
Unknown_028.wav,Marimba
Unknown_029.wav,Xylophone
Unknown_030.wav,Marimba
Unknown_031.wav,BassClarinet
Unknown_032.wav,Cello
Unknown_033.wav,BassClarinet
Unknown_034.wav,BbClarinet
Unknown_035.wav,EbClarinet
Unknown_036.wav,BassTrombone
Unknown_037.wav,Viola
Unknown_038.wav,Violin
Unknown_039.wav,TenorTrombone
Unknown_040.wav,BassTrombone
Unknown_041.wav,BbClarinet
Unknown_042.wav,Viola
Unknown_043.wav,EbClarinet
Unknown_044.wav,EbClarinet
Unknown_045.wav,Viola
Unknown_046.wav,Viola
Unknown_047.wav,TenorTrombone
Unknown_048.wav,BbClarinet
Unknown_049.wav,Cello
Unknown_050.wav,BassTrombone
Unknown_051.wav,Cello
Unknown_052.wav,Marimba
Unknown_053.wav,Violin
Unknown_054.wav,Marimba
Unknown_055.wav,Violin
Unknown_056.wav,TenorTrombone
Unknown_057.wav,Marimba
Unknown_058.wav,Viola
Unknown_059.wav,Violin
Unknown_060.wav,BassClarinet
Unknown_061.wav,Xylophone
Unknown_062.wav,Cello
Unknown_063.wav,Marimba
Unknown_064.wav,BassClarinet
Unknown_065.wav,Violin
Unknown_066.wav,BbClarinet
Unknown_067.wav,EbClarinet
Unknown_068.wav,Viola
Unknown_069.wav,EbClarinet
Unknown_070.wav,Xylophone
Unknown_071.wav,Viola
Unknown_072.wav,Marimba
Unknown_073.wav,Viola
Unknown_074.wav,Marimba
Unknown_075.wav,BbClarinet
Unknown_076.wav,Xylophone
Unknown_077.wav,Viola
Unknown_078.wav,BbClarinet
Unknown_079.wav,Cello
Unknown_080.wav,EbClarinet
Unknown_081.wav,Cello
Unknown_082.wav,Cello
Unknown_083.wav,Xylophone
Unknown_084.wav,Xylophone
Unknown_085.wav,Cello
Unknown_086.wav,Violin
Unknown_087.wav,Marimba
Unknown_088.wav,Marimba
Unknown_089.wav,BassTrombone
Unknown_090.wav,Violin
Unknown_091.wav,Violin
Unknown_092.wav,EbClarinet
Unknown_093.wav,Viola
Unknown_094.wav,BassTrombone
Unknown_095.wav,Marimba
Unknown_096.wav,Marimba
Unknown_097.wav,Viola
Unknown_098.wav,Cello
Unknown_099.wav,Viola
Unknown_100.wav,Marimba
Unknown_101.wav,Viola
Unknown_102.wav,EbClarinet
Unknown_103.wav,Viola
Unknown_104.wav,Viola
Unknown_105.wav,EbClarinet
Unknown_106.wav,Cello
Unknown_107.wav,BassTrombone
Unknown_108.wav,EbClarinet
Unknown_109.wav,Cello
Unknown_110.wav,BassClarinet
Unknown_111.wav,BassTrombone
Unknown_112.wav,BassTrombone
Unknown_113.wav,EbClarinet
Unknown_114.wav,EbClarinet
Unknown_115.wav,EbClarinet
Unknown_116.wav,BassClarinet
Unknown_117.wav,Violin
Unknown_118.wav,Violin
Unknown_119.wav,Viola
Unknown_120.wav,BbClarinet
Unknown_121.wav,Xylophone
Unknown_122.wav,Violin
Unknown_123.wav,BbClarinet
Unknown_124.wav,TenorTrombone
Unknown_125.wav,EbClarinet
Unknown_126.wav,Viola
Unknown_127.wav,Xylophone
Unknown_128.wav,Marimba
Unknown_129.wav,Marimba
Unknown_130.wav,TenorTrombone
Unknown_131.wav,Cello
